Source,Title,Link
Forbes,Why The Financial Markets Are The Only Real Check On Trump - Forbes,https://news.google.com/rss/articles/CBMitgFBVV95cUxQS2l1S3psaXRPV3NKY1dOdmRoUHQzWjdjdlQtYTVUOE0ydVRDb25uVm0yTk4wcHhLSWhPX1ZrNWJIMVdnaDVnM3hTcy0tVTY2MURFd0FXYXc2dlIyLWxtOW9hTUNSLTVNMEROYmZ4ZHdXVjRhOUZuM0V6ejJfcTJzb3RFbFlReWJWbDBPQTJwYWRPUHFGUXhRYUVtd3BiYTJiZXZJMlhfb0gtalZQeVFfakdySTEtdw?oc=5
Forbes,Ergeon Named One of America's Best Startup Employers 2025 by Forbes for the Second Year in a Row - Yahoo Finance,https://news.google.com/rss/articles/CBMiggFBVV95cUxNcjBaVGJMaGh0V0pGRVBzLUhrQWNEbmxleTM4YXM1clM5S0VkNVlVZXB1a0FiX2pmODhCdU53ZVNyVzZHMU4zSmJhbzlfZk85aW9KR2VoRDVJMi04RUd2ZGJ0Ym80MVZsdnJEV3hGQkZKSHBuMGw4X2Z4NTZ2R1BTdUdn?oc=5
Forbes,Financial Literacy Lessons From 5 Past Oscars Movies - Forbes,https://news.google.com/rss/articles/CBMiqAFBVV95cUxQT0ZOZFpxdVZTREhNdlJtUjJ3S0pWX2xXaGJTN1dfNnZXOG8xOEhRejFTb2lyVTVwMjVoM2lwLXR6elVHMFZoTGo1aWRCUzRFYW4wRFV1clVPS2daNG1ENmdSbEI1TWk4cVYzLTdXdzIzaE1qUGVGN2RRYUZ5Ni1OcWx4S2NhOEpYeHQyTWppM29GTlg5dzJjWHdjLWpQMnpCbzMzYUQ1YnE?oc=5
Forbes,Cedar Included on the Forbes List of America's Best Startup Employers 2025 for Fifth Consecutive Year - Yahoo Finance,https://news.google.com/rss/articles/CBMiiAFBVV95cUxNdjBoRHdNR0RrYnRDV3BacmhjRVZUU2lpWkFrdjExa25rV2Rka0RPWnd0WFp5OTRVRHVhTkdmS2VCSkNXdmltMWg2eFhQeTRacU5qVGE5U01ua1VtLU1QTmVNUGV5Q2NrQlJsRzlxRUZCWklsNnQyb2JfbGJhRWJaUENYdW5CbjI0?oc=5
Forbes,Intersectionality And Money: Why Financial Planning Is More Personal Than Finance - Forbes,https://news.google.com/rss/articles/CBMiywFBVV95cUxPeTBseTdvYm1WWC1OZ3pYTjFSVzJMLU9pSWhMQWRIRGM2OGdkblhuNWJCb3N1LS1iVHFLbFVETmJlQzRuZjZFODhQZ3ZuNHNpaFRWLXJsdjhUZ0ZpU24xM3d1VVNhbGctZ0pvc2xaNGdDLXlGRVNDR01PNmRmdEpra3JkVUFsUWxFNC1pY3VzcmNpaXFSNDlmV3E4VTdvaWk0bjVQZzM2V2lJdVpjaEJMMWx2MmxyTmtFUXFaVm05WkZKZV82UnBpaDVvZw?oc=5
Forbes,6 Tools To Help You Build Wealth In 2025 - Forbes,https://news.google.com/rss/articles/CBMimgFBVV95cUxPWVVUWlJGTWVBa3JicGw0LUczVWM0cGZlRnRvanJUUXRUb2NHZTFZcUxYel95a3BscDQ0VlFnRjN3eVFGUUMxWW5aZzVWeVFibERxZmR2VjBnZG1NSXBnRjZvNlY3X1hPM2hpOUxPeXNxYmhyZUtXUUl6VzV3ZjZnWk9UMEtFR29lZk5ObWpDXzFQRVVpVXAxZExR?oc=5
Forbes,How Lenkie Plans To Close The UK’s $28 Billion SME Lending Gap - Forbes,https://news.google.com/rss/articles/CBMitAFBVV95cUxQQkVxSW85aEh1bXIwenNlVHZGZDBLbUZobWgtMXJqUEJEVVZTYnJ0UzgwYmZ2NDJ4YUtqS0cwMDYyZmVQM1BJU3dHMXc1Nl9uengxYkM1NnRfVE9qTjd6bmRJUld5UWh4dmo2bGMwTWw0WVdSVnlRUzUtbDdKbHdQYTlFTkx2cUFlcHhpRWwyT28tUXVRZWhwd3JvZjM0VVFzZGNXOFBaZWlMbEg4TW5pSGFXRkM?oc=5
Forbes,Being Sad Is Expensive: How Your Money-Mindset Matters - Forbes,https://news.google.com/rss/articles/CBMiqgFBVV95cUxNWFRIOU9mdmMzd1IwQk5Cb1Z4aG9kQkM5c0Vkd2hoaFBWV3lKNmxlUHFjVHJmT1hEdFAyN2NjNGRKcWJfSnlHSmxRZ2JtbzByc3FIUlhpaVNsclF0a1UzNm9UMlBRemlPUlpycjZpNjJybDhCNWhVMUZ6enpYQUhDOGZOQ21Pam01YnNiLWJzbW5BLXMxMWU3aERueTh1ZXJjOFJVUi1Ubk1rdw?oc=5
Forbes,The Stablecoin Paradox: Supercharging Dollar Dominance - Forbes,https://news.google.com/rss/articles/CBMipwFBVV95cUxQTFFlSU9XSF84TDZySTE3c1JPcE5aR3pZb0hiTlQtdVo3ZGpCSGRMN0tZMVNuQ2JDY3JwakVBU3lSR0xoNXNvcUtLV1lMaVNfN25oWVJ1MUJEd1I5VkRjLWxpUmFWTVdKODVPUTlIbG1vVzRfdFVEc0RGMVMwOTlQM2Q0WGsxbWpMRkFkQzZUbGlYSjVHN3o4Q2NvOVpsRVQyc3RHWmxuNA?oc=5
Forbes,The Future Of Personal Finance: Fintech 50 2025 - Forbes,https://news.google.com/rss/articles/CBMiqgFBVV95cUxNcmQ2elV3dTREZWtwV1ZVSGJtWjhma2ZXcHduXzA3VEpyOE1EMVJZb0RtbndPMzVWakVWOGgtcjJSd2lBUXd3Rm4wbW9pTEIzRXItZ3pqRllxZHRtRFBTOFQyWWdZbEhlMWxfRWNfdVkxMFEtbFdrNmpOU2phWDJKdVZ6dS1yNXlnblpUWUpVVmdIZ1Q4T2UyYVBxYnBqNGZxWkFLT2lLTWt6dw?oc=5
Forbes,Don’t Worry About A Downturn Or Stock Market Selloff—Do This Instead - Forbes,https://news.google.com/rss/articles/CBMiwAFBVV95cUxQSDFvempxTEpCQUg2RU5JcFo5R014Nk5laVdsZ3U0RF9DVzB1YWNmcDhUOU0zMDdYSjQzbk9Lekk3X2RPS01KVFEwYkF5NENtZVhFaUFYUGVpOW1weTdya2Q1N285SWJ5dU9vSVdFRmZ3a0tweWJ5U2JPenF1WHBMdFNWelppYTRyZjM4dlNwMFVqWng0aWFJWlNoaGZZd2FYRFoyNXlGS1NFNjJIUDdsUlY2eTJNUDBCNWFFbV81cDQ?oc=5
Forbes,How Trump’s Tariffs Are Ushering In A New World Order - Forbes,https://news.google.com/rss/articles/CBMingFBVV95cUxNalNWOXJGa1JvOVhSQkZkX1kwdTJ6X0xwVjFvLW1Cb1J6RVVTU0tCaGxDTWVha2ZmTFJUQWNWaWYxU3VISkxRSVFxanJfQWRvdDhpaTlOLVYxRllrRThveDFicXhJNzdUVmV6bHlYU0hRaWxVbU9uaGxWeDlidjNGdDA5T3BURmNTY185LUVEbFk2aElMVUJSekZtMmxhQQ?oc=5
Forbes,Why Do We Avoid The Things That Matter Most? Greg McKeown And An ‘Essentialist’ Approach To Personal Finance - Forbes,https://news.google.com/rss/articles/CBMi7AFBVV95cUxPRUNFU3RpTm02akpaSUFEV2FHZlZtNndSTUtuMDR5RTNBbWZJbVdlVnFxOXljclBZc1Z4eGlRLXdGeW1rUF9SY0VRRDVLLV9lUUtMeHdPNmdNY1ZzNWMzNDRTZDJpcE1TSTVHeTd0QVFhcVBIOENtY3NfLU43REJiU2Y0RDEzQzBYNk9nZk9qczRZODQtVzVaUVFPNU5QUHc3SG1lQ3pwZV9XLTJGZVMtSC15aExrNFBvUnN3R09RUnc2NzhEd3VFdzJnSHlTTWZmRlBBVG5vbFY2ckRIZzFVOG54clBEY0FFc2xpMA?oc=5
Forbes,Blockchain Rewiring TradFi: A Trillion-Dollar Shift - Forbes,https://news.google.com/rss/articles/CBMiowFBVV95cUxQeUlOX2NlWHZ3S3NmMG1LR2EzYjNfdzB1T3dmN0Q2ZHNjenRpV3pFenVrOGJ0S0tjdUdaaGVmQ19wVl9naWYyVXFfOUk0VExZYXkxSHY1QXhHNVdqVDdVNnFNSUNJQ3lxcFdGRkJPaUZmb0FVbi1WZmJTT3dyZ3JScURTUEhueGlnM3BNXzVzZ3kyS0dWbXlWU180enkyVzZxbGZz?oc=5
Forbes,"Forbes Releases Tenth Annual Fintech 50 List, Spotlighting Innovative Companies Revolutionizing Finance Through Technology - Forbes",https://news.google.com/rss/articles/CBMijAJBVV95cUxNbEMwd2NqZ3lMVjRhUnhEblJweW9OclV2cWtmUHptUF9weV9CRXJQbC0ybm5YRzBHX0tRRzQtVlptUmt2WGs2TExOdTFKcXk3QmJIZ1Z5dlpOZ2NmUi16bFJOQWVjYlVwSUMtZXdla3Zacm9Zb3MzMzhJXy1QZW9wTUhWejJoc0ExOFdFLVVucU5TbFFCTjcydXJoenJxOWd0QnlKVE1fQzZGWGMybk1pZE5mSGx2QkJuVE5WcklFNFcxM3Y1cDZka2tDcnJPT2F6QXlCdzZGeVVJNEQ5WFpvZ2RlSWdkeGl2MlRiZ2FYTm9henNDWTA1ZU5zSDdZTHJ3M3FLMi0tYjJ1Uzl1?oc=5
Forbes,Forbes 2025 Fintech 50 - The Top Fintech Companies - Forbes,https://news.google.com/rss/articles/CBMiUEFVX3lxTFBBRFpWdHM1MmVxS21fVGY4WkxDTDVzZEFob2NjbWNuMTk1OFh2dVdRSG8wOVJTYVZrbXdqT3Ewc29YQlZ1SHdXSjJCbTFfdEVt?oc=5
Forbes,TOP WOMEN WEALTH ADVISORS - Forbes,https://news.google.com/rss/articles/CBMiXEFVX3lxTE95R1ZMMVlydUJmYWtIZUFsVXNxOWM0VmtrbEQ5X1NHaWRZRjZ4UE5PVlNEQ0lSUDd2U1NJT3l2cHFRQ01iV2E4QVFKNHgtYmFFQVNrUTJIY2dOWVZz?oc=5
Forbes,The Scientists Behind DataVisor Are Using AI To Spot Financial Scams Before They Begin - Forbes,https://news.google.com/rss/articles/CBMi1AFBVV95cUxPbkFQZVppZHpFNHZhY0UxX0hfQUpYNDQ4OURpVEhpWVJENGVfaVUwXzgyRGVpa2xjSkx5TnNqOHhmeXItT3NpWUV5SmUxa0pua2hqU01RcEduU09WZWplWlA3WVBIaGVZeFpXRFEtWGlpTzVqT3pNSWR1dG9TdXJFSEJyS2hfd09KVTQwUjNMTWNSNDY1YTljejZyQnZyYUs2eEo2Qmk4TFIzU0NWMnljcDBVemx1bGRjd0E0QlVMazkxaGtPd1lManl1LUh3dHpLektNMQ?oc=5
Forbes,AI Infrastructure Is Shaping Financial Institutions Of The Future - Forbes,https://news.google.com/rss/articles/CBMivgFBVV95cUxOWWY0eDJqRy15YjNzUjRhQTlVa2pRbmNGc1YyVVphTU94aEtRaUQ0RHZGR09VcFdMQ01aMmNwVGVER1h1b1Y4MnpKazhhMGNFTW5BaF9GSGw4emlHVFEwdHFkQ2F5ZmxRdGJPMWpfTVZoVXJHbEdZaDVhdDlkQjJMaHd2YzRVbGxuMTZ3WExxdkNkSzBrY1ZqcEZQNDRhdUlhRk1WZHY3bEUtNmJnZTJPQkgyZWt5bTQ4WTViOHdn?oc=5
Forbes,Are Generative AI Tools In Personal Finance Game-Changers Or Risky Bets? - Forbes,https://news.google.com/rss/articles/CBMivgFBVV95cUxQNHVDaVl1d0loWTU5dzFIMHdoTHdLbUxWVG9vVWh4VWlHazQ3d1p0Ujg5dFZPUnAyRE5KZmdicklwUXRnUTdkbEt3OWQzN1RqNzZLbFVJUXlQOXJiTFI1a0tnWXEyS1Q3eWlPcEFtbWMybFpMQm9UNmlrdllXQkxQMnZybmptUnI2UDkxZ3cwZzcwcC16YTczQVZDOTFseGFJVi16UmUxSFRFUWZ0ZW1sXzN6WmNyZ2pCSVNwYzlR?oc=5
Forbes,Who Is Ben Black? Trump Nominee—And Son Of Billionaire—Wants To Repurpose USAID Funds - Forbes,https://news.google.com/rss/articles/CBMi2gFBVV95cUxQeEpPdk1VbjBBZm9MYmFyZHZsa0x3c1RXTEptU2s2dFJ3UTNDTFlXWUc1VlU0TGdVUlFjRFNPa2I5TzFUQTI0QnJIX01IUkpFcEtPSGtsMzRNeS1jdGJSeEc2QjJINUpFN2Y3RS13aFZYQ2FLTl93dzlpaU10alB2ZVBYYWZVeUdQb01aVWVlaVJQV3Fpd1RnNG9jZGplOFpKTV9yZlp3bHRtUm50eDJubklLY1FQOGpSVFNXYUxmUENHaXVuRGx5d2ZHekRmcHZPZ09yUlRXR0J2Zw?oc=5
Forbes,Why This Film Financing Company Is The Safest Bet In Hollywood - Forbes,https://news.google.com/rss/articles/CBMirwFBVV95cUxNS1hYenBKTERyNDhLQTJWNG52bUpYZ0xXamVpc3huRXNFZFVPbWVnaE1NQnRsbFpQYURXdUNHU2FtX3gxRXNxYUc4SW9jWHFPcnVoZHFNSFRVbjZvbDVXSkhRNGhZczdRcGZFWmtMZWpvREx5emVrRFpWZUtpWlFUdElIY2lHRzZ6NzJQbC1UeXJFZXoyZ2dSdUozWXR2UW1PRk1fS243QkZTUkVRQ2pV?oc=5
Forbes,Cal Newport’s Productivity Hack That Can Also Help You Escape Financial Burnout - Forbes,https://news.google.com/rss/articles/CBMiyAFBVV95cUxQX2wxeTd5d3I3eW83bkNvSFM5OG16dDU5U01jaVBjMjBFNnhDdk1FTElUM2xUcHVVRzlzbm1Xa3cwQWJzY1M3NWNxYlJWZWdNc1VoU01YWGxncEJ4MGZNRFJqSm81NEFDX01kM1hIeF9YRUR5VTNDajktM2JOdU5fc3d0TVNMYk5QM25VUnlZWF9LUkEtNHVWa1BjbHJjWGhxOVJETXpuV3Q5Vkxfenl2ZklCVEdzYXN3cU1jY0FIbHpfeElPb19EdA?oc=5
Forbes,This Fintech’s Visa Card Keeps Grandpa From Blowing His Nest Egg - Forbes,https://news.google.com/rss/articles/CBMitwFBVV95cUxNTnQyTDNsMGVwQUNveExNaUNNWWt3dWtiUUtfMnRLRzA5dGpaWmp3SzEwbnFKSGVoU2swX2d5ZURQSHBYeTV2U3llbW9QX1N2TjZfZW4xc1EtaUM3amF6Qk94eHhha3dMR09BbjJ2NUpwME5uQ2R5c0xpc0tMQUNuRWJ1bVZram5GMFNtUkFUSGw1TXduOEpHQVNfWE95MHI4R3FZV2JEQ0h6RnZBdFpBODVOLUJPREU?oc=5
Forbes,Brian Lindstrom - Forbes,https://news.google.com/rss/articles/CBMigAFBVV95cUxQNzh4SHY2T0VSNFFYMnNtMlBEcTVzbWpBRzk3UnVEOURlSnprU3FRU2EyRXJqZ1BjQ3d2T09XeEx4STd1c2lab3RpMG1xOUo2YUowamg1MUpQUzhpUHJMRTFXMUp0Smg0MFdZNTBVRk5fMGFYRGhHRHo4MUw4THY3UQ?oc=5
Forbes,Meet The HBCU Grad Steering Students Into Finance With Inclusive Capitalism - Forbes,https://news.google.com/rss/articles/CBMi2gFBVV95cUxOZzBpM2xrWEdCb1pzTHZhWWZNQVRENHNsZTQtcHFBX2pQd1d3eVFiVURmSUlwMXNvUUpGSngtWmg4dnFKcGFvNDZCdW8xdmE4QUN0RDI4QXBKN2Zzc1A1a3lUcnd3RTFudUt0a1lSVEp5V1pzMkN1aThGZTF5TkVmUnR2dGtMZi1BUVJ0MTZ5YmpEZmxqMkV3bHJKWDl6alpYS2U4MHZoUks0SFRydHBvZi1KS1ZmSjlHa3F3dVJ6Qmx5ejcwWTAydnNiQ0U5TkpRQWxmVy1SdUxxQQ?oc=5
Forbes,30 Under 30 Finance 2025: From Fintech’s Top Founders To Wall Street’s Best Dealmakers - Forbes,https://news.google.com/rss/articles/CBMi0gFBVV95cUxQZVdreWxYamRDYUsxVk43dGRSWkt1RHZFSXJ5V3c4R2Y3SzRsX2pDWUZONkRSNDRrYy1GNnlkNF80WVcwdjRnTklLZTc0Z3ZOUWl1SkpxdHkzeHFuSDFrbktuMUNKeXJqSXJobjZ3dWE2OXlSa0phdHJLOWEwTUowbTB4bmIxYjFWRjNNaGhwOU1SdU9keHk4Qmk2OGRIb1F3MzBGN1RsQXJFN0xZdEt1UXZ2RGpiWGdzYS1FWUs5MzZwYWpKcXp5MEVITTNoa1ZjY1E?oc=5
Forbes,Mainstreaming Of Blockchain: Digital Innovations Reshaping Finance - Forbes,https://news.google.com/rss/articles/CBMitwFBVV95cUxNa3plMVFaV01sOHMwektoRTVlOWsyUkRHMFhJYTJjNWY0czV0MWRCM1NNcF9JSjNhVGp1ZjAtb29yQi1nb3ZqeksxUUhhN1VOWWJjdUFhN1lQZUZNYTNjdWRUdlB3NXhxaXZvMUtlWUpaYTBjSklIclBROGp2ZmtQWlZub09SSnJFMzV0aEFaYzY0T2FDNTd5YXRRdzZPNmR5Q2RYemRiSHZ1YXVIdG0xeUVIWGc4ZWs?oc=5
Forbes,The Future Of Wall Street And Enterprise: Fintech 50 2025 - Forbes,https://news.google.com/rss/articles/CBMirAFBVV95cUxOVFJlb0MyWE1HczQwY0xNX3RMTmFZLXY3WVBlQWxqc2tBeVU0ODRjVS1aMGJsa043cEVmQ2E1RkduYTAxT0ZGQ01TaXhzcFN1ZkUyc0tmSUlPZkRURFNVbHgtLVVMZWxnMXFOY0hXd2FRbFZSMExSQ1h6bEgwRnpnMEcyc1FDcm1zUXlGT0RPMENOMm5KZGlpeUJUUWJkdGRzaTRsSmM4NjFneXhX?oc=5
Forbes,House Passes Trump Budget Bill: Here’s What It Means For Student Loans - Forbes,https://news.google.com/rss/articles/CBMitAFBVV95cUxQYWxJMEJoTFRBV3FwWnJqUWE5YzlBVVdqYVRNZmt4eDZQZFMxWjkzeHp2UC15RkFLSVJaQTh6ZzdsUHpjd0w1U2RheE5RdURjMHBRZ3FaYzJWVG9mVjB2LUZUUnFHVHR5RVNZamZCN0tib0xpcmdsdzluMW5UMWUwUHZNUllYNGxyN1NjdG9DajlLNGVBbGpsRDRlM1VneC1XNHpxYV9oZzlBaUVYemk3dWxXdWw?oc=5
Forbes,Intuit Kicks Off Financial Literacy Forum Series At Super Bowl - Forbes,https://news.google.com/rss/articles/CBMitgFBVV95cUxQUlJGZEg0UzNFN2NVbF9nUzVYRG5zc0lPVHdaejF6bVlOdmgzTDVQZmpRVXpiRVoxRk1sam5WMWhsVmlWMDliRjltWWZGckNBVDR1YzFia2Zka3dNeXhVemJDdW92cFlRUk5aY1JHZXhoX0x1bDUzUXp6d3Bkcjd2YUpvVi1tclU5dlB4UE1iZTN3NzZMb3pHaWF4T3N0UTMxd3hjRS0xYklESl9Oa3JRMFRLeEl6UQ?oc=5
Forbes,Forbes Daily: Why Big Money Fund Managers Are Confident In U.S. Stocks - Forbes,https://news.google.com/rss/articles/CBMivwFBVV95cUxNT0hEOEl2bVZXRTlOa3FvMnNUc1BIQlFUVmNLMmt2b002WUw5YlhVaWcwWUU4VnNvWDh6U3NBMTE4Y2lrZGg4MkJ1R3NnR3pacDZoemtyVTA2UEUyWFpoUkpZMHE1NnZTelVuaVVQc3hHOV96Q1lKXzJWMmxWQXlGdmc2THdsODlGdDl6T1I4SzhhVzQ0WFpTRjJOUHI0UnNoNzg1ZTEtZDRSckVkOVQxWFExdERybVNiR01fdWtORQ?oc=5
Forbes,New House Budget Could Push Student Loan Payments By $200 Monthly - Forbes,https://news.google.com/rss/articles/CBMiuAFBVV95cUxPVGNsVkI5by1LMlBqelhqSTU3ODBod1NiU3RpeUg0eDIxM2RPTU14bHEya3owenB2dVFzWHJ5bTBraTRNWERRN0w0V0Z4YzEzdmd3ZjVuckExOWpUMGduVmp0NW1PMDRFdVlFMG96LVlZdmQxUFVoakFDX08xekhCbnZRNktoVHFwOWluRjNKOEtnRGRQd3Naa2xXbnBmWlZwRVJOeXV5Q093dXRFRVA3dlAzcGYycmJa?oc=5
Forbes,How AI Is Transforming The Finance Industry - Forbes,https://news.google.com/rss/articles/CBMinwFBVV95cUxONGdQUzZ5elZuZG11ZGRKN1hRT3hMOU40V1VHcEhfS1pIc01xbVUtQXZuRmRQWndNbllfSHpCVUE0T2FTQmxrWkVJaGtPVmM2Ympic2UxWk1NWnpzbHdaMThsMHh0emozTHVwYmRVVHVFSUNBZmdjMWNiMmU3eWN0aGk3SXdNQjk2UHlMNkhyUi1LSXl2endScXA5Z053dUU?oc=5
Forbes,2025 Personal Finance Outlook: 7 Predictions For The Year-Ahead - Forbes,https://news.google.com/rss/articles/CBMivAFBVV95cUxPNS1mbHV6SXpxUEhQYWQ5bTRHRUhYY0M5NEJqd29uS1NHTXd5di1vMTkzalhKVEJfQ3Z1cng3ZXFJWF9vMnVpV2puUnJaRHlLN0pTT0lzMThjeEJzWktWb3IxUGlsQVh6U0tIT2NIZzNQXzdtd21TWTVLdGM1a3ZHVUpmcFI5NnZiZGQ4NEU4X3AwanB6enhlcUJHa2h1bU1tbVhuQ0dOQWJyN0I2TDJfRWd2WXdTUnphaGdweA?oc=5
Forbes,What To Expect When Inheriting A House In California - Forbes,https://news.google.com/rss/articles/CBMipAFBVV95cUxPOEhwaWJLY3QwS01SdjNIY2lJd2NSemNlOFhYR3k0NTlPcmNrYlQybUdhY1F4aWt0VnVyZmljT0NCX0V6U1lYaUJtajRzdHRXRmNOV1J3YXJwM25Qal9QMUViaWhVZ0poaS1aVU03ZUxYN2Yzcl95SURlRWt1Qm4wMWNzbk5mR3ktS0VIMDdLeklhUE5xc1J1dUIxVVM4bmJwWU5BSA?oc=5
Forbes,"True Link, Newly a Forbes Fintech 50 Company, Challenges Financial Services Firms to Build More Services for the Aging and Their Caregivers - Yahoo Finance",https://news.google.com/rss/articles/CBMif0FVX3lxTE9vcTRaVlNLUlZtXzB1ZWM5MWtDVGtkamQ2Wnc2Xy1rc1I4eTBLRWNsYUl1N3pIMlhhX3hfTHVVMW1PdDhVclZhWFpmQXcwdm1ndkEtcjZrQWF5eHFxdFpHM1ZZRncxbXJpQlUtYVQ3YlpZV3hadi1NMFhPY1FEb1k?oc=5
Forbes,"186 Ameriprise Financial Advisors Named to the Forbes ""Top Women Wealth Advisors Best-In-State"" List - Yahoo Finance",https://news.google.com/rss/articles/CBMijgFBVV95cUxOM0NxSU5uRmdXMmR1cHVQY05YQkU4amV6YjBsTjdZa0NTMDM0SDBvR0JaYWxZU3JwZEIzSFpKRTU1ZVZFWFV2QTlma3VKX3hFUVFfX3BzNDVrbDdWMnVWRWQ3T0ptM1hvV1FxU3VEX1B2dlVLTnJHTnJPMWpITmYwVXVxZVV0Y2swcVNER3dn?oc=5
Forbes,1st Source Bank Named One of America's Best Banks by Forbes - Yahoo Finance,https://news.google.com/rss/articles/CBMie0FVX3lxTE9FRkZBUWF5SjlaM1BqUVJ0Um1RSWtzYzNXaHZIanE3SnFXdkZGZUg4WkpKd1RjMHlBNnJOWUV4dk1IR2h1VHJ3c0xUZGU1aWhwd0NaM0s0SFRrSEhiZG5jZ0hnd3hhX0EzMUtSbjdrNTNpbGFKN01xbjg5MA?oc=5
Forbes,Forbes 2025 Top Women Wealth Advisors Best-In-State List - Forbes,https://news.google.com/rss/articles/CBMiakFVX3lxTE04WlF4TzlycXhjbjV4S3E4YmxHcXg3UDQ0VUdiWUZIMEVIb2VaZEJIcm56NlUwVkJHMWpEaFVYdmlOcno1SHRTcm4yejVwV1V6cW9rc1U5RXBTZzJrWnBoYzdMZUpZYkdmNXc?oc=5
Forbes,Easy Tools To Manage And Grow Your Money In 2025 - Forbes,https://news.google.com/rss/articles/CBMimgFBVV95cUxONjl6QmdEMzlYd21KclBLRDRNc0lfdkh2U053X2cxa2Q5bUFkeTI0WWh6VTdBZlA4N000bUZxeGpVMUpFbDBJMEYtMGcxZmVxWGkzRzZBYmVnb0p2STdJckFsWUc0ZTFtYkxXcW5SMFg0eGNFZS1kaDlaMWhVck1BcjJoUVlRUXpNcEROZVVvYmNLRWExdGN0aE9n?oc=5
Forbes,Money And Career Advice From The Financial Industry’s Most Powerful Women - Forbes,https://news.google.com/rss/articles/CBMivwFBVV95cUxOZlROdWo2ekFId2FoWklrNVZ0RjJfTWxIeGUxTEtRbll4a3I1c0NzVk1TMmVtemd5VUVQcEdIN1p6dVVTVTd6TEhRenNaOW84b3ZnWWhaN2gxWDBrblNkaExjZlA0NTdaMVRIeVMzeTEwNmZCZ3d2c25LM1A3U0pFYlllcUdYaF81ZE9uTTV2aWNmWk9MT2poQkRNam4yY1VMbEd2RV95MkJYRHoyVjFnaks1QTlReFNtSFhJUUlBaw?oc=5
Forbes,Trump Vs. CFPB: Russ Vought Orders Consumer Financial Protection Bureau To Stop Work - Forbes,https://news.google.com/rss/articles/CBMizAFBVV95cUxPd1pwTkhzWDc0WFNaVUs3WDE4TG9KdG5vRUdGWU84Vnk4dXF2RXNDaFNXQWEtTDVzSGFmVW1OdThSNzdaNmhmMHpPNUV2eXdUdjM2YXotMDVkUkV0bUtLck9yb01GYXBnMDlHRFhhOU55VWswZ2JNd3FrcUFzS21kVExHVnhWbEFua1VMeVo1bngwZFVQTUx3ai1oWUFYMmlodlQ4MHJ3dlhkeWpwVTdpa0VuVWhYbHV1emJuMUl1a2R0cVhXNGxfRFVCb04?oc=5
Forbes,5 Undervalued Stocks To Buy For March 2025 - Forbes,https://news.google.com/rss/articles/CBMilwFBVV95cUxQZzQ3dkZFMGc1TFFnVnJEbS1QMllzNE1vV1o3dDV1QkFycUJmYUxuYV9lTUxvdHZvQTZEVU1QY0MzMHJIalJzMzhQQi1uN0dxRF85TTVRaEIzWXlSYmFoQ3REcjg4UTlqMHgzT3R2ekhpQnRsNDVMREwxV2RxWHdTR2k0NWk3cmRmMVNuaEtvNThSRkVfTF84?oc=5
Forbes,Wanted: CFOs With AI Experience - Forbes,https://news.google.com/rss/articles/CBMigAFBVV95cUxPTWJZenh3UUpRb0tqQ2JMTVlBcE5VMl9QWjJpdWFkb2N5N19LM0Y5Q1lVVEFXNG94NmhVemdlVTJFWks4d0hFeFpuUEdoQ0wwdWp5VXJyZEpDRENCSm82RUJaZkZUd2Q4Q3k5X1BYZlo2ZzUxaEQxelVhUEx2SVFBXw?oc=5
Forbes,5 Stocks To Buy Now For March 2025 - Forbes,https://news.google.com/rss/articles/CBMiiAFBVV95cUxQZ1hwengtSWV5azZoR2V2YVgyUGptRHdPOEdPeGhMS2FYZ2k0OU90YlNKc0lGOVdmVmVyemN1NzVWTENjTVZtbXR0WXN4VzV3akVwUk9JM1N1MHlXODdhTVVwT2hhSVpPS0NabEhYMGR5d1N0RXdlNG94NVM3WV9RX3pKOXZPRU9o?oc=5
Forbes,The New Rules Of Personal Finance For Business Owners - Forbes,https://news.google.com/rss/articles/CBMirgFBVV95cUxPZ1FjSktJY3ZOYmdsSUlpYzNxajZCcVRyZXlrLU9sN1NqQXhicFJsM2tUdVdsV3JJN3NwY1FXRlRJWVktZjRyaG9FbEh2Y05MVGoySV9QbVZVcHp4bno0b3phWWlORzJvOHcyWjdiSnpFc2ktSFdIR1FzUDkwTTdmd0t5T1NqS0ZwLVo3VWNxaWpLNmNrVUNSZjdHR1g3djZBMXBNbGNESl8yTGFnQmc?oc=5
Forbes,Forbes 2025 Best-In-State Wealth Management Teams List - Forbes,https://news.google.com/rss/articles/CBMidkFVX3lxTE1QUzRUU1RDQXB1YXBuMC1PckwxVkZSRkUzaWlhZGJkdHZSLTBuMS1aNDhaeVJlRXpsNU9jQ1hiWmhfdTdiX1lXZTRBTGRfRjVxbmU0azNKTFp0UmRkaEpuSmthSWxUR2hGbURmb0FjLVpJTzFPUlE?oc=5
Forbes,7 Personal Finance Apps For Simplifying Your Money - Forbes,https://news.google.com/rss/articles/CBMioAFBVV95cUxPMUliTnNQTExvT2NpQktOSjZOUGVRRzZIWkZPRmo0QUNpeVBHMVJyX2FEU3ZsY3R5ajFWVmxaM1M2UklFcGRPTnBrWW51bGdKa0ZlLXlvWHU5WENxS1VxM09hTnZpVWQ1cE9mcFQ1dEVFeHZxLTgyWEprYThaQjdZNE9PRktLa2tPcC1aekM2ZVZIelBjZURCOVpvUEZWa3NQ?oc=5
Forbes,The Future Of AI In Financial Services - Forbes,https://news.google.com/rss/articles/CBMilgFBVV95cUxPWkZOYnE5b2RrOTZjTmVDRGVqTHBqWG9NS0N3ZmZNMFdVQXVLMUUtc245eEJNa1VyU1FkS1M1T2dPUXNTTE5OUHhhVWVVSF9FcDVmYkJIM1RyeDd2YmtCbEhUQWVvbEt2d29sVVU5M2tfOGt1RTVTSGFKa1NWMV9ONlV0YndDSURGbG93YVFfRGZjaUxYZEE?oc=5
Bloomberg,Sonali Basak To Host ‘Bullish’ Financial Series For Bloomberg TV - Deadline,https://news.google.com/rss/articles/CBMif0FVX3lxTE5tRXI2bzI0OWZkRElpMVpNeDVDZFVnT2xNQlhEcHZnMVhTcVAteE94Rk9NWlVFZkc0VTVPSDktcThrWTVvbTlMZElTRUFDaWlPWG5hMGZwSnBuSU9raWhCNWpvZmFRV21qc3NFQVFsWWtRc0huV2ZFOFk4WjdRdW8?oc=5
Bloomberg,"Watch El-Erian: US-Ukraine Clash Amplifying Finance, Economic Issues - Bloomberg",https://news.google.com/rss/articles/CBMirgFBVV95cUxNbnhkUnltLTljczd0Z18wZjZWUTFCMERLVG4zV0lHNW1PVFh2XzlybndZSUUyU2ZEUGY1MFFqNndZckpSaW05eDU3cWN6Umd2ZHZUbng3c0pRN1ZrMENKWGlTNnFCOTdfU1diVkc1cVBsZVBNN3pRMk1RQUZzNGIwV0ZNNXBPVTNOdVZBVThIR0dwcXhrejBtV3VoV3pKZVpCQkRxSnkxVkRwYjhFQmc?oc=5
Bloomberg,"Citigroup almost sent $6 billion to wealth account in copy-paste error, Bloomberg reports - Reuters",https://news.google.com/rss/articles/CBMivAFBVV95cUxNWFJDalJ5ZkdhWUwwQ0RYT2FaeTJ6c1dNbjUzNkMtVnIxU085S1dRRGlxLWNpeGpLV3FuU2ZUS1JSNndFRVZqN1hSdE5ER0trOHBaYkI3UEVIUWtYMHdVQ1BVWW16MnhWVGtxT3RiV0o5a3RmSHI2QkktczdDY2M4bTQwRG1ENHQ1N1FMWTFPUFBqT1FqZ1hva0pReVRPajNuVVg3WFF0M1RmT3I0aVRCVEZvZHNpZVpyajlOdw?oc=5
Bloomberg,"AI-Run Funds, Four-Day Work Weeks: Investors Say Hype Is Real - Bloomberg",https://news.google.com/rss/articles/CBMirwFBVV95cUxQVWsxLS10aEZEV3l2STlreUZVZjlyaUJWWUNvcFNOcGdnX1h6WWZPLTdxWUM1SkZVZHd1X29tbGRkUmV0c3JxRmVOX3N4WUFSYW5VYkZOc1o0TmVYbGQyeTFzVlRzV3ItYXZaTEQ0QUM3UlVXSzRjNkZxWXNPZE1CdUhrSnNwcVVIVGJyNjEtZG5oNjVweDJoYjd3NzBDMjVJODhzbHgtcC1tUTMxYXJV?oc=5
Bloomberg,Finance Billionaire Closes In on Samsung’s Lee as Richest Korean - Bloomberg,https://news.google.com/rss/articles/CBMixAFBVV95cUxQUS1CUEtMT09SSmtqSW85d21LSlJaUTNqbkJlQzR4Z0xZa3BBTmFER2djczFOYjlGQ3RUZ1Q1QjFCbFYtTHczamh6MVJxbU91aWRsYkdoT2dmTERzVld1bmRyWjZGc1N3MjNKR0lPWjdQV0dNb3NHczlEZWxJUUZBR3dxdmNxWDltX0FaalN1aUl3LXhKYXlndlNyN3o0VU5KSmhCbWoxOFpybnBnNi02azVERTlfbWIyQkRucWhnRXhBUDZ0?oc=5
Bloomberg,NYC’s Finances Are Sinking with Key Gauge to Fall to 11-Year Low - Bloomberg,https://news.google.com/rss/articles/CBMitgFBVV95cUxNUGQ3V3Y5TUZxUlRUMXFRZmhqUDN2Zmp3ZTRsZWhFcGJBYjBpRDBkRjVTcWx1TVRNa2dGelJ5b1NIZlVmT1U5ZmN5S2U1b2N1YTlPdDlOZGYwM295R1pDUFVKSEg0UnNTZHNmckJMcWZ3QUs3SkE5V1dmaGJ4TzRVM3FoeXRLTGZXbW9TX0p0c0FDajZOSU1zUXR0SUk0WHplYzVMTHNjYno2S21tZHdnNy1kYjZQQQ?oc=5
Bloomberg,Private Credit Eyeing Rescue Financing and Seeing Stress Signs - Bloomberg,https://news.google.com/rss/articles/CBMiswFBVV95cUxOUFFKS2FxeUpLSHlyT1ltTGlRNFkxLTgxTWlVR1J0VDV3ZU5hQUpDNUgwMkR0bE9kQzBYYXgwMU8xOEZreXNNNFE5ZWhpcWFxY09kQlVTaUtLUC1sSzFCQmtSY2dMZzlDN24wbGp0NVRhM251bmNpV24wOUxOWG92aTFqcE1NZFlCeUZ5YW5IMU85NzAxY3BMamtrcjJISDN0Sm13SHJ0ZzhEYTZFUEhHQWp2OA?oc=5
Bloomberg,Palantir to Expand AI Across Financial Firms Through TWG Venture - Bloomberg,https://news.google.com/rss/articles/CBMitgFBVV95cUxPbVYxY0UzRTBtRXRGVURWdVdXNEZPTVYwZjU2cm1MWXZtWUZCajdrX05lcVRVNHlVZ05CaDRBbHJmbjRieElCVFBRSVVURkNEMEgxX2dFMlhxLXJGRTR3ZzdzQVdMVndfaVlRTGRpZTN6TzA2TTVHdmlHWU9NankwZS1kQnJLMkltdXFQUExhYmdTeERPWjVQSlRkUFlsVVBPSTFkaGtOYmVmNU9rR2VBRXZqTFduZw?oc=5
Bloomberg,UK Finance Billionaire Hires JPMorgan Veteran as Wealth Adviser - Bloomberg,https://news.google.com/rss/articles/CBMitAFBVV95cUxORnUyclY2WW84RVFqT2FNNl9EUWdGeEVfSVVWZm81RGkzUE5CUDdSeWU3TUdKV080Nlk5RG1TTE1oUEwtQjhsR3B1QWhxQzlqNkZrY3ZwMUc5MTh0MEdvLWpOV0xUMVVTODhwckxMSV9KLVV5SDRxZlphR1gteFhSY3lDQ2M5TC1UQzJhOC03TkhuZVV2bThUMU8zWU9FaWZDdzlmTVJmbXU2Vnc0cndPMW5sdnU?oc=5
Bloomberg,Bankers Prep $12 Billion Debt for Walgreens Boots Alliance (WBA) Deal - Bloomberg,https://news.google.com/rss/articles/CBMiswFBVV95cUxPZDl4N1NqeU1tLWNQZ0N5SXhXSUpuU1k4RjVwcE1FajFrRFpIalZJTnMtSkpMRUVUd3ZvVTlaOEFYeDZ5MFpBdnpHMUtHa2VuM21FQnZldy1UWXlBcEd4SFFZbVUxUW5uWUl0Z0M3bThJSnZqYmpKZDhwajJKQlVJTl9YUUVzbzBFUDZqbnBVVzc0T2RfcXREUmFleXVNenJvNk00WkRXSjFPT2JMcDl2TkZhOA?oc=5
Bloomberg,Financials Sector & Industry Performance - Bloomberg,https://news.google.com/rss/articles/CBMiYkFVX3lxTE1HR3FkY2Jhd1lLdExZdG9JZlJBdV9ab0UzR1Y3RF9IMVpQLWthTms3aVU5eS00SmZ5aDFoNG50UnI2T3Q1RjJiLWVkd1hWSEJzOXlsTkVwT2ZVVzJyTnlUNmxn?oc=5
Bloomberg,"Watch Bloomberg Invest: Sigtech Founder, CEO Bin Ren on the Evolution of Quantitative Finance - Bloomberg",https://news.google.com/rss/articles/CBMipgFBVV95cUxQRnJZQWVNOC1nWmU1OHBTRk5uYzJOdVBOS2I3M3lWandUQU5zZUc3TXp3S1hYa1g0UEZyY3p1VVpQc2xXZjZ1ZHl4aTZUWWFjY2FPVmdZY2Q3ZTlFZzVXTkJ2dHNvZXEwNWdhU0lkTmJFTkdHSVo1SGEycVpvTG5zZkFxQXJLb25EenYzUzFBbWM2cjZ5cHZiTDZUZ1RDYkx3U1FzVldB?oc=5
Bloomberg,Climate Finance Unicorn Co-Founder Arrested on Fraud Charges - Bloomberg,https://news.google.com/rss/articles/CBMisAFBVV95cUxOeVJXU2dSQnVvcVN5SkhSb3RLaUZQaktIOUd6djRacS1XTlQyRFNrLTcweElhdEpVX0toVXlSd28xcEdaVHFnb1hMQTVndGRPbU53bWZ6TWx2N3REblhpWVpKZU05Y1dqSVVaX0JTS2EwRUFzVi1ZelBkdnpTanhsZnRKNzVWcU1lQVgxREswVEpOMDBkSms5Q2E4TV9XUVFMQ3AzR2pJNkNYNU9kdllOSw?oc=5
Bloomberg,Watch SM Investments On Trade War Impact On Philippines - Bloomberg,https://news.google.com/rss/articles/CBMipwFBVV95cUxOLWZUTm9mdVUyWTQtRWhTM2t2M3poSFZ6a0dyVTNWcHVoV21IZV9mTzJlc0hZbjNPbjJ0ZTFRejZGVWtTMmVaV1pRTzBQNkg0VWw3UzNMTDhGXzYxRDRuNWszSGQ4a1hfZ1NRV0o3WmdoY01ZcUhaMVN3VHdQaUhLNWdOLXh6WDZrM1gyM05IVVpGRlNSWGF3SWt6SWt6R1pYTDB4ejZOSQ?oc=5
Bloomberg,Tether Names Devasini as Chairman and Hires New Finance Chief - Bloomberg,https://news.google.com/rss/articles/CBMisgFBVV95cUxPX0xFMWtybFUyOURvVVZqbzlYVlRyTE91N0g4SUVONTN4YnFHQVplS0F5QXpRS2JydEZBSExqazQ1aFhoWXFudkg4cnQwNnh3aEtpMmYzT21leTF1a2plMlNtTnZCSktYTTA4NTlQSjdQTVRkc1kyV2t4Y3FCd0R2b3RkdUFOSm9hdDVkNjhRcklONTF3eTZiOUhHc3hLX2RueTh4WS1xOHBJbmtmUzEyQkZR?oc=5
Bloomberg,"Shriram Finance Plans Loan, Adding to Record $2 Billion Funding - Bloomberg",https://news.google.com/rss/articles/CBMisgFBVV95cUxNZmg1OXo0dUdGdFJrMXluc0JtcHJaRmJTdGVyTHFhc3gyWEJhUnhDbjl6MndpR1ctZ2RZck91NDNKa0Q4WFVLa1FQVVhrbTFHQ2IyNVN6ZkEtdEdTT1FpTGdIWWNSSHhyYnlxRUppT2s2ay1xTmVXVEhPZG1jSExTcHVVZTZJNWF3cXBjNlNiVjlmdDQ2dFhPR24xYll4X1htOTRVR3AzN2pxMC1vekFUT0pn?oc=5
Bloomberg,Watch SigTech CEO Ren on How AI & Finance Can Coexist - Bloomberg,https://news.google.com/rss/articles/CBMiogFBVV95cUxPWHJnT2h1cWFFaEFDMTk0N1N5Rlh2ZDBVUFl4bmttWUhUbU9tajJkaXo5XzZILXZlRFBTTVlwSVV0azlpQ3ctMzVRZWpacVlSYklfZHktLVEtQ0hEbzJILXZsRUE3eURRSG5mUy0xemN1WWEtNXVXRnNSVDAzUVVKT1dtVkQzRVBNQlRvMGh6ZUVTTjEzZzd2bkJScFZaNDcxc3c?oc=5
Bloomberg,Watch TCW's Koch Sees Opportunities in Rescue Finance - Bloomberg,https://news.google.com/rss/articles/CBMinAFBVV95cUxPSzVIa1BTZGRURHVqcGZ1dkJpMnNCQmhrUFVLVF9GRTl2d1RPcW5yTnFPMFdkQUtxbGZWQjV6VFJPLVZnZ3lCdXY1Z0lLd2FqeGExVVJlWkR5eWs2bW1CRlU2NHl5N0VTM050S2F6Znp3WXlxcXNxYl9pSDBVNnZPcVJBUE5oaEtrN3pGc2hzWlhtcEFITllmUmsyOU4?oc=5
Bloomberg,Watch SigTech CEO Bin Ren on AI and Finance - Bloomberg,https://news.google.com/rss/articles/CBMilwFBVV95cUxQZTNrRXlKRFBsZFN4NE9EUXFoR0o3aEdhS2xnamlyT1VjUFQzZUZkdnBQeWRIbVhXRzlkM2ZTcEphZ0U2TllYRm1pWGZ5eWxIWVZ5eEduVWFJYmpNbGJtX3dvYVFDaVhSN0FNYlVleDJGNmhjWjhjTklvWTdfU1hKT1ZZN1p3M1JSQnk1aGQ2dlY0OEtuRENJ?oc=5
Bloomberg,"Reform the Consumer Finance Watchdog, Don't Delete It - Bloomberg",https://news.google.com/rss/articles/CBMiuAFBVV95cUxPcnNZd0dqRWhrV1hNWmRjLW9vQUNEREE0eFdiTzR1MUdsX1dKN0RKNmRuMWFmWHZKMzZ0WEZKbnJqZFR4VTVRM3A3LXhGeE1GRHYxMlNoVTFESFlVTmcyTDlWWEJXUWlUUWNvb0xFQUpDNjNOZ2trZGZFdHRjT0FQME1KT09udmJYVEkycmk3eFAzOERpczA0b0VhbHlsZGtyUHgtcVJLWFhienNSQUdoY1l0SHFDdVN1?oc=5
Bloomberg,India’s Power Finance Shoulders $1 Billion Adani Green Refi - Bloomberg,https://news.google.com/rss/articles/CBMirgFBVV95cUxQNVBRaDltMzFyVWo3cTg1SS0xS1plemZkSE0zWW9kcW1KN0phdkVHQnFYUXpBUHhZQ3NScGRnbVpvbEFpbU5nSnIwR3NLWjNXRnVUcDdMaXJ1bzBvNDNXTnJFa1VGSGdzVXlqa0hXMkxPcnRHeHZSWXhpdV9LSHpSQXBteVhRaFdickZwd085OTdsQTFkQndhTkVuV2JOdHFmZnRnMW9CUzhILUZPOWc?oc=5
Bloomberg,When Your Company’s Finance Chief Isn't Yours Alone - Bloomberg,https://news.google.com/rss/articles/CBMitAFBVV95cUxNYnNGd1pZeU1FNEhWU3MwZm9FaE1vUXFHYXhNT2ZPeHJRbTVERFpvRmNILWV0OUVSa3luRFNOOGFYNmNrQXdBZlRhbDdGNF94c3l3WF9jZ3ltVnJGSko3Qm85UU15bkpHWHd6eGh4UTgxMEsyWEtLYlRQdm1Kd2owV2xhWnpkVWhXQUdyb1ZLemRXY1dYT3I1RTU1b2t5TjU4SmF4Tlc3T3FmekQyTVN2VUpmZ0M?oc=5
Bloomberg,Watch Starmer Announces Plans For Further Ukraine Support - Bloomberg - Bloomberg,https://news.google.com/rss/articles/CBMiqgFBVV95cUxQR0NFSEQtSkwyc0xRRHpOWlpza1FOcmpFTnRod1IyY0NFU3lTZE5vM0hHMnRrWDdOV3ZPaHdnVFVIc1ZlYWdQX2t6Q0xkN1B2SzlHTTBHQVNmTVliUnliZmZpbGlVaTJGYkFlcnM2NkhOTjYza2VGMjc4SHpOSlMyYVI4Z2toNy1zX2VFdXBiYzVxUXFzdDRBdEk2dW1EMm43TGJYTk9FNVdOdw?oc=5
Bloomberg,Bloomberg Pro Tips: Jumpstart your investment analysis | Insights | Bloomberg Professional Services - Bloomberg,https://news.google.com/rss/articles/CBMirwFBVV95cUxOc3NjREE1cmlPWWdHa25CSEU1amp6UFVubmRVYlFtM1NlWlpJaG9MSTVIeU5wM0hnTERENzNVNHlPLXRURkpkVnVGZEhjSjdfVExpU2ttb3pYaFFtZ09JTFBUdXlRU0V2RGQ5UG1qTEh2RXV2Z01QTlJnQzB4R0I1S0tzVFhZUnoyZEZFcW9ERjJ5LTNRc254WGdKbE9NVWpZOXdaSFdnU1JaTTd2eEI4?oc=5
Bloomberg,UK Development Finance Arm Plans Record $2.8 Billion Investment - Bloomberg,https://news.google.com/rss/articles/CBMiswFBVV95cUxQOUMtM0F4eXVxc0xDVUNTNk9KMG1DWkJ3YlBOUmVrcjJSaHJhT1dnNmdIaWpHVkczMDhQY2FRM2xoT3hwYXFEdGJfWmtZaGZrMkJqQzBEQ2VDT1dpMU44enZERjljbmpCLS1fUXdkdm5xSm1VRktJb045V05GSC1hT3RfRERCaTZDb05ha245Wm14QXI3Zk1vRDZ1UjZzLTZXWnBnZllLN191X3ltY09MX2Jldw?oc=5
Bloomberg,Apollo's Ditched Deal Teaches a Lesson in Hardball M&A - Bloomberg,https://news.google.com/rss/articles/CBMitgFBVV95cUxNTmw5WjdzbHRHaS1qOFNDS0UtQXFnWkpoZ3VUQm1DYmluZGFQcTF0aWdTVktSOVpOV2JlbFBBZktHUUVlbWZtNlBiTVlLMVYxa2ZESlRVLWFVVDdDb3RjblQ5N0FIMTY4ZmxRc3NUWjZuSWRZbkQ0VVYyYVQ0SnYzUm9zaVlsdzVpaWVuWmg2MGxyckYxQ2FHcTRkN3JoMHhIQm5jWXJITjVBdkxGMHFfa2VTcDROdw?oc=5
Bloomberg,European Bonds Sell Off Amid German Market Swings: Markets Wrap - Yahoo Finance,https://news.google.com/rss/articles/CBMie0FVX3lxTE54ZTZiWGxocE9PYy1YMlBYT2V5YVVXV3VMWHlWWGhhNThRbDFhUWREa1pMdmIzSTJOVnprejM4dlBvcFNxQjlkNS1XTExrSWFtMjQzYXBBS3ZXT2t2SC0xaFNWSWtEQ0M4TG95TmthdTQ1anFLUDRlendBTQ?oc=5
Bloomberg,Japan’s SMFG Joins Wall Street-Led Exodus From Climate Group - Bloomberg,https://news.google.com/rss/articles/CBMitgFBVV95cUxOZXBaMlBRRjJ2UElmcC1rRHc0OGxGVWFCMGpMZWh5eW4xSW9GNG0yUXRGa0xoUWJNZ18ta2NoRGVXRENFcUJmNjEwOTh1S0w3NGk4LVN6UGppVGhXWXBLTTJ2MC1QUVk2anVPOVVqdGZ6UGZ2SHVUa0FkNWJiMC1VUlhyQ0xYRGZ6TkVxUnpyRGxDZng0c2VhSGlvcE5FTUd1YW1Ld29BMXo5cjFMbmRQajc5SXNJZw?oc=5
Bloomberg,"Crypto, Inflation, Bonds: Your Investment Guide to a Risky Year - Bloomberg",https://news.google.com/rss/articles/CBMitwFBVV95cUxPRWh4ZGZsMm5wT0tHZ1dEYTliZTNJZXlPRHVMemFaWUs2blhzZE1JLXVjY0xuYWdSaGszbncwU3N3S0gtVmdZLXp2SFhWcm1tZnFqZG9oTk9pSlg3N21iWC1nTzFVRW93dEo2V1h0LWllY1ExQkVLSXBxVkpySUZJTlIyZkNuaTMzSDhYdVpFRjhGSDhDWmNpRGNNLUVHc0Z3R1VWR29RbWF1WC1aOUVDY1RNeEJnNXc?oc=5
Bloomberg,Bloomberg Invest: Blue Owl Co-CEO Marc Lipschultz on the Growing Dominance of Private Credit - Bloomberg,https://news.google.com/rss/articles/CBMipwFBVV95cUxQVk5zenVFMG5mY1VFaFlnaW93VzRuc01zbk1TakpxNmczMnhZT1d5Q2FQTnBCZk1KdlJaSnRiUGdDQS1yZ1JWSmVJUDVNenJsMC1XT3Z1TDNzeFM0dVNPbjN0UXhBcVpkMUNvNjBoQzJJd1Z4M3o1OTFZcnpuQ3BGbkpJTlhuZVNUZW1aQ3EzQnk5eVczZmFoaS16RG1oSzNObFdENDRIWQ?oc=5
Bloomberg,BOE’s Bailey Is a Top Candidate to Lead Global Finance Watchdog - Bloomberg,https://news.google.com/rss/articles/CBMitAFBVV95cUxQZHJNMENsMHVaVk1IZXl5SElwb3VyMnNUazk3QVllN1RHWjkzNFM1ZGtPdHI5Wk82MUYwLUszVUNVXzlVZ1UzS3NCRVBGMFVYS0UzaFhOcFJ4Vk5maWxsNmtNVTVMVkc2TklHQ3dHUVNudm5hSnpkVVNlV2FWSjdnSExzYWlnbnJoVnljVjdJVmtMclVaajlYSklMNjA5WnF4Vmw5T1MxcUlrWDBsUno5NjE2NGI?oc=5
Bloomberg,China Pledges to Keep Financing Costs Low for Private Companies - Bloomberg,https://news.google.com/rss/articles/CBMitAFBVV95cUxPVVVqYVVEZ09MeEdyLXRhWFNxM0FRcnpNajZLdnBOeC1Qd0Z3T3BfWnhzaGRaWG5QcjdhYnd2d2NRYTlQSlJoRE84OE01WWFoSHBGbnJySFhVeDh2ejFRWTRzemk0UlBLQ2pjYXhOVnJwMldEMk01SjRsWHY5dlFIUzZIdGI5Q1Bfd3FUdjdNNWtVM1lVUTlIRFQ5cDJrYU1NdHJoMWUwQjg4eWdyWjhWOU1XZWc?oc=5
Bloomberg,Meet Seven of America’s Top Personal Finance Influencers - Bloomberg,https://news.google.com/rss/articles/CBMivAFBVV95cUxOQ2tiRVlFbXJvc21kUDk1U2ViekxHaEFnZV84NnZpV2RaVFJuN1hCay1mMExaZ1dDM2F4aHpFZjEtMkhfT0pmZ1hiSzZScFhzdTdkZGYyTmJCLXRZMEtMOGN4UjRycC15MmItMnlmekRpeE5tZHp1V0ozOUdHdUlJVjRDZWFqZG5vR2lrdUhsOU1VZGFQbkkzRWZHWkNuRVJKSFhLMDExRXlRZkJpUUlJWDlfUENkQi1HRTdwMg?oc=5
Bloomberg,"Europe’s ESG Risk Rules Too Complex for Small Banks, Kukies Says - Bloomberg",https://news.google.com/rss/articles/CBMitAFBVV95cUxOdUJ3OGFvaWVTMWNhcjR6MUdKNmhpTVlnX0hPcTF4ODg5VDVlcXdGSFhmaTZVZWUxX25TenlUeHVBbDYzRUgzZzRMc2txNnU5M3RfNC1xMWFqZTY2SDdyaEZOaFdEbVJDa04tOXFTQklaOURUa2k4eDlJLU5qV0VJVjdxb1BLbE5KeVY2NXBfenU5XzlXTmVBNWNPcnJGVzVvRnRRRjFPLUJxMXNma0FsM3o5RFc?oc=5
Bloomberg,Finance Complaints Surge 40% as UK Motor Loan Caseload Grows - Bloomberg,https://news.google.com/rss/articles/CBMirwFBVV95cUxNUmg2NDRselB0UkMxN1VuY3JRMktlT3E3dGY5M0lxRFBuZktzTnFvTmdQbkxVNUxPdU5WOFBzQ2ExMkEwN04wN2RjczllVHVzaW8wdm5OeW5xSlMzQjNBeTBVUVVIVWdtN0lyRGZvalRWZGg2M29XeHA5akIzdTh5aTctODBBbHllejhtUGRyak9oNTRXWl9mLVdXNEFfUFRXaUp1TjZoaWYzbUtxQzYw?oc=5
Bloomberg,"AI Spotlight: Deepseek, Chinese Innovators & the Future of Tech - Bloomberg",https://news.google.com/rss/articles/CBMitwFBVV95cUxPQ2JXcjI2UWhzcW1QTlV5Q19QaEhmMzJRcHFiWkpZY3RMNHpEMnpoRERkMnFwQVN0bUs5SllxQ24zc2NzQ3BPZHJZaFFzaHN0b2pyWkt5bDV0MWlIRFFoTkpiaXk2NjJjbTZhWGVqN0dldHZDQWZlYV85NEpoWElrc0s3NU5obGZVUDZlNjNPZ1dwVGNoRVU3MVk3Z19lbWFyYjJFdExKcVF6cTZtUXRjQThmdElvdnM?oc=5
Bloomberg,Meta in Talks to Raise $35 Billion for Data-Center Financing Led by Apollo - Bloomberg,https://news.google.com/rss/articles/CBMiwgFBVV95cUxNdFlETks1WXFxVTZvOFEyaDEtS3RydGM5TGM2c2dPVGEwX3ZnaHRDQUtjU0FwVTI4SkhXQ1hzcUx2a1BQUVljaDJwQWVNaTQtb2haaUJBX2dtOUk1XzRobDR0V0RDTll6WEszS0VNaVRiaC01emdqckJBRDlXa3BSMWhWTU0wUkZKZEZJZExxN09QQ2pJd1hrZlh3enZZRFVlUmpJSmRpdjhlSW9NeUtIbEVWQkN6WWN6OV80aDJJaFgzdw?oc=5
Bloomberg,Why ESG Faces Backlash and Its Future Under Trump 2.0 - Bloomberg,https://news.google.com/rss/articles/CBMikwFBVV95cUxONGd4djdMbnA1b2ZRamxNMlppRUNOZW1qSFIxM3pkZVYxamFlRld6bVpYVGN6Wm5qZWRFQnB3RFdzNmxHSi12ZHdGeXhXcHhZN2lkSDZrWDh4NXZIQjVvX21ILUlIa0dOaU5zWXdiOTdhT0RhbHEzRVRCOC1SeXhLNVFvUkd0YzJrUGg3RzdJTkRZOFk?oc=5
Bloomberg,Jes Staley Shines Spotlight on London Finance Elite In Epstein Legal Fight - Bloomberg,https://news.google.com/rss/articles/CBMiuAFBVV95cUxOaEZoeW1aV3JRaDBLSTREUUl0d0I5ZkVhV2xVUUtyWGY2VkpxQjBaYkFHNzgyWFJ5YTJhTmh3enpNYnFEc3d4TkVjNU9zNWhpWmJQWi1OSU1YV3AzVmVSV1JDZ3I1bjhpM3RnNTZtNWczMU51QmNSZ2l3T3lESmJpLWdzTjlPODJOc2pNcWw5dzNnWWFuckNPVkRVcEYyNTd2RlFMVExhTFh0ZWF6eUp5S3hRbGRwVC0x?oc=5
Bloomberg,Alternative Asset Managers’ Race for Private Wealth Takes On New Twist - Bloomberg,https://news.google.com/rss/articles/CBMizgFBVV95cUxNMGh4b0ZwRU83TDVLbVd3Ri1WSklOOGMyYkhPS09fdDFpZ3QzSkJDYkFOZVRFYmVzUUNiQS00N1RGSE83d2VoX19BSnNJSC1rSU1qdTF5ZGVxR3FraHhBeUUwNTdESEd0aUdnd3FoZWdQUEFwTWM5NGNLYjBvN0VzN1RidUlQdEU4QnFQcXpoSGRPOFlrNy1oeXBXRXRjbWNYOVBoTWFWNFk1dTQzM2RtUHcwemR2eU5NT01jUUFma0VrandSMFVMRTVKRkpNdw?oc=5
Bloomberg,"B. Riley (RILY) Posts Continuing Operations Loss, Buyout Effort Ends - Bloomberg",https://news.google.com/rss/articles/CBMirwFBVV95cUxNVkt3SklyODdUbFpPOV9zVFhIcXpUOTJpamFxTXN1UURJLUs1b011STJaSDdxM3RnVDRrcmYtLTJjanYxWTI1ejRmTXctblJkOXJNV1RlZC1NQzZ4ejBfQXZtMm4yWVhzWUMzWE15NmhvZFprWUFkUkw3QW5MTHJUSXlRaWNMTjVPSTYwTXlnR0NtblRjV0xIY2N4UEh2YkhYNXhHYThZY3JxNlZyeTRJ?oc=5
Bloomberg,Can Gen Z Truly Opt Out of Capitalism? - Bloomberg,https://news.google.com/rss/articles/CBMilgFBVV95cUxOY1ZwMm1MUElSekZxbFIzUUczclBiLXBEU2l4MUlmYnM0QTlpQ3U1RTlVUDk5cks1ZWhVU3BoUlZiMzVLR25RUHd1MUY4UXpHRmRRTC1BRmpjQmVHaVNoQjhncGRHcmZkVEd1Xzd2SlZLMDkyQzNTbDlqRWYxbEMzNjc1WmZGWVpQdjlJbUpsemxEb2lORnc?oc=5
Bloomberg,Bloomberg Launches Climate Risk Management Solution To Help Investors Evaluate The Financial Impacts Of Climate Change On Portfolios - Bloomberg,https://news.google.com/rss/articles/CBMifEFVX3lxTE5WNHNCeG5Lbi0tMkwzanRBXzlCWnRpNDNFZlNpQWdCY1ZOeXAyZFBUeXAwdE9GRV95Y3RZWUxKVWxSRG1oUlVhMHhBMXFLX0JIRDNybjh1Yk9kU0RHcTRuek9qZUpoRng0WmttRFEzT1ZnOFdkdWdrdHV2VGI?oc=5
Bloomberg,"Country Garden Re-Engages Houlihan, CICC as Financial Advisers - Bloomberg",https://news.google.com/rss/articles/CBMivgFBVV95cUxOYzY1aVVZMmFLRVdkWTRsTmxKY2U4TVJZVndQdXFaekR0WG1RRWRlSDRYUDFDSVNkN3NFTXJ3V0VmUzBkLWRfcF90WXRNa0FlS01Tc29DalZXaThFcUE2OXMtVDU4MUx2c2xQSTN6RVhYMnB0N2UzQ1dCd0tKQVFEUlJCZGVfOEFsRnZnTFB4Z2FKbVRkaXNnVUI4eWwzMmpaajRmck93VnNaTVJ6Z0c4SXIydlRWekg1ZmJtUWVB?oc=5
Bloomberg,Watch Can Catastrophe Bonds Insure the Uninsurable? - Bloomberg,https://news.google.com/rss/articles/CBMimAFBVV95cUxOOUFKbXQ1TWp1NW0waTVpcGt4UWlDbXFNbHJ6V2VuRnZ2bFdocG9HbTQ2elJ0ZlgtVE96VGVnSkFFQURwTXBsVnFHdU92aXROMWNHdndwTDdfazBNMzZvWmxwWkhqV0JfTVlmRmFON2g1Zk54WkJEWk00dldGNkpvSVNoSTFyOUZCb2U3MWtKbUpGTUZMcWUwUg?oc=5
Bloomberg,UK Broadband Providers’ Roll-Out Ambitions Hit Financing Hurdles - Bloomberg,https://news.google.com/rss/articles/CBMiuAFBVV95cUxNbHhkNFg3MzdPQ1BnSUhYV2RIMG5IYkE0c2R5djEyR2tQZTZKZlBtY2wzeHdNX0FHVC13b1l3VGg4SmFnVmtzcklsN3BkZWFkNFNSQ21CY0dmZ01QZmE5b3FjbkUwampKTjRfcEpwSFFHRXQxX1ZsbmtoVVRiVkhfMk5oQVFneGV2U1hIMEg1ckNPZW9IR1ExajZrRkVpVVhIRGZmUjV3bDBDTHZQNmR4ME5yb040dzRQ?oc=5
Bloomberg,Baker Donelson Recruits James Roberts as Finance Shareholder - Bloomberg Law,https://news.google.com/rss/articles/CBMisgFBVV95cUxPWXVEN3RrSGlCcEVpejdEeFY0clZXS25mdXRBVzREdENaSzJmUVpWQ1padTRQX3lVVUF1SUtDSWF2dUhNWVJJeElWc3kzcy1BSVhwUEotZkZUS2xJNXdpcUtmemwydDdUR0tYMmhSUkNqazRWQ0VwN09TUHJNWGNiNkZSamQzSHlfU0p2c1V3Q1Z6aXRkQlNtbFAxdUJYUmJFLWdXRzdQU3I1Y09wRndxY1Z3?oc=5
Bloomberg,Watch Why Banks are Walking Back Climate Pledges: BNEF - Bloomberg,https://news.google.com/rss/articles/CBMipAFBVV95cUxQYlNuNGx2VVJoNkd6ZTFEZE5kMm1jeVlnYjk3eGJKcnhuTmttOWdhcE55aWd2bTNBVFRPdk1JSWNJYWo1cGhYZXFSWWRaRUp4VWtGa1ExdDU5SEJWZjMwSVFSY0poUTlramZLNURvNmNCSnhTajFDblVsX2p4M295TUlQWEh2MGZKVHlKY1E3cXpYZFBPRnhic0pXU3ZVVVc1YWpJOQ?oc=5
Bloomberg,G-20 Finance Heads Fail to Reach Consensus With Climate Finance a Sticking Point - Bloomberg,https://news.google.com/rss/articles/CBMiswFBVV95cUxOalJSRGRFem1qVWNoM3pJNmZqbEtyOThORzZZcjdmQkQ1amE4Tjc4T2ZqbDFfNEhnaVQ2NGV2ZFFVTHV3Y1NUMWJFUUJjWmxWcHNwS1RLVVdfWk5fR3R1OHpWc1Uzc2NrNEwybXN1ci10M0pkb3NvcmY4clpEWHgxcGZiWGRpbWMwVmZXS1R1NlM0dGJubUs3cDRoZ0Z3U29jREg5XzBmaTVKZGJKT0wwei1xcw?oc=5
Bloomberg,Canary Wharf Gloom Is Just the Pangs of Rebirth - Bloomberg,https://news.google.com/rss/articles/CBMiowFBVV95cUxQbzdvQVhsVzdrM3Z4b1E3b21lWUUxLW5DTFFmM3pkWFo0MHIweEprV1N5RjlKbnRIdHRmNmlnNE1vWENaUXp1RWoyQ3JyYzUycFBCY1pTejd3Ym8tTDdCRlRiWVYtYmpENlJYNXloUlFoU1cxWW9Xak56dHlob2daZEZGdUJmWkFTSUNMQXhuNDFoLTlTem9kWlI2XzFZV2VUQndN?oc=5
MarketWatch,"Who’s the winner in Trump’s trade war on Canada and Mexico? China, according to one expert.",https://www.marketwatch.com/story/whos-the-winner-in-trumps-trade-war-on-canada-and-mexico-china-according-to-one-expert-4a240bf7?mod=mw_rss_topstories
MarketWatch,Eight Fed districts had flat or slightly negative growth in February: Beige Book,https://www.marketwatch.com/story/eight-fed-districts-reported-flat-or-slightly-negative-growth-beige-book-0ac269b3?mod=mw_rss_topstories
MarketWatch,Trump hates the Biden-era Chips Act. What’s next for semiconductor makers?,https://www.marketwatch.com/story/trump-hates-the-u-s-chips-act-heres-what-could-happen-next-6899244c?mod=mw_rss_topstories
MarketWatch,Why ‘Trump Turmoil’ has made a U.S. recession much more likely,https://www.marketwatch.com/story/why-trump-turmoil-has-made-a-u-s-recession-much-more-likely-45be3d1a?mod=mw_rss_topstories
MarketWatch,"Marvell’s stock sinks on earnings, showing Wall Street’s harsh view of AI plays",https://www.marketwatch.com/story/marvells-stock-sinks-on-earnings-showing-wall-streets-harsh-view-of-ai-plays-150671c6?mod=mw_rss_topstories
MarketWatch,Victoria’s Secret says year will ‘gradually get better’ despite wobbly consumer confidence,https://www.marketwatch.com/story/victorias-secret-says-year-will-gradually-get-better-despite-wobbly-consumer-confidence-f6db81bc?mod=mw_rss_topstories
MarketWatch,Palantir’s sharp stock drop just prompted one bear to abandon his stance,https://www.marketwatch.com/story/palantirs-sharp-stock-drop-just-prompted-one-bear-to-abandon-his-stance-34af7752?mod=mw_rss_topstories
MarketWatch,My husband gave his credit card to his son to pay for ‘medical bills.’ Does this kind of support send the wrong message?,https://www.marketwatch.com/story/my-husband-gave-his-son-30-who-has-struggled-with-drug-addiction-his-credit-card-it-did-not-go-well-6995532a?mod=mw_rss_topstories
MarketWatch,Consumers elected Trump to lower prices — his policies could do the opposite,https://www.marketwatch.com/story/consumers-elected-trump-to-fix-prices-his-policies-could-do-the-opposite-43d01b4a?mod=mw_rss_topstories
MarketWatch,Trump’s tariffs worry companies. Here’s what they’re saying about the uncertainty.,https://www.marketwatch.com/story/trumps-tariffs-worry-companies-heres-what-theyre-saying-about-the-uncertainty-afbef46c?mod=mw_rss_topstories
Yahoo Finance,"Bond Selloff Extends, Shares Rise on Tariff Delay: Markets Wrap",https://finance.yahoo.com/news/asian-stocks-climb-trump-tariff-223639242.html?.tsrc=rss
Yahoo Finance,These 8 Dividend Aristocrats Can Protect Your Portfolio in a Downturn,https://finance.yahoo.com/m/c82e3ea3-0756-3824-a613-d2d05c7b2c3e/these-8-dividend-aristocrats.html?.tsrc=rss
Yahoo Finance,Stock market today: Asian shares rebound as Trump's pullback on some tariffs cheers investors,https://finance.yahoo.com/news/stock-market-today-asian-shares-052908793.html?.tsrc=rss
Yahoo Finance,Parsons Corporation (PSN): Among the Worst Performing IT Services Stocks to Buy According to Analysts,https://finance.yahoo.com/news/parsons-corporation-psn-among-worst-021612607.html?.tsrc=rss
Yahoo Finance,Globant S.A. (GLOB): Among the Worst Performing IT Services Stocks to Buy According to Analysts,https://finance.yahoo.com/news/globant-glob-among-worst-performing-021448344.html?.tsrc=rss
Yahoo Finance,"TechTarget, Inc. (TTGT): Among the Worst Performing IT Services Stocks to Buy According to Analysts",https://finance.yahoo.com/news/techtarget-inc-ttgt-among-worst-021418632.html?.tsrc=rss
Yahoo Finance,NCR Voyix Corporation (VYX): Among the Worst Performing IT Services Stocks to Buy According to Analysts,https://finance.yahoo.com/news/ncr-voyix-corporation-vyx-among-021229070.html?.tsrc=rss
Yahoo Finance,ASGN Incorporated (ASGN): Among the Worst Performing IT Services Stocks to Buy According to Analysts,https://finance.yahoo.com/news/asgn-incorporated-asgn-among-worst-021045217.html?.tsrc=rss
Yahoo Finance,"TaskUs, Inc. (TASK): Among the Worst Performing IT Services Stocks to Buy According to Analysts",https://finance.yahoo.com/news/taskus-inc-task-among-worst-020925073.html?.tsrc=rss
Yahoo Finance,"EPAM Systems, Inc. (EPAM): Among the Worst Performing IT Services Stocks to Buy According to Analysts",https://finance.yahoo.com/news/epam-systems-inc-epam-among-020827810.html?.tsrc=rss
Yahoo Finance,Grid Dynamics Holdings Inc. (GDYN): Among the Worst Performing IT Services Stocks to Buy According to Analysts,https://finance.yahoo.com/news/grid-dynamics-holdings-inc-gdyn-020724001.html?.tsrc=rss
Yahoo Finance,"Fidelity National Information Services, Inc. (FIS): Among the Worst Performing IT Services Stocks to Buy According to Analysts",https://finance.yahoo.com/news/fidelity-national-information-services-inc-020701244.html?.tsrc=rss
Yahoo Finance,CACI International Inc (CACI): Among the Worst Performing IT Services Stocks to Buy According to Analysts,https://finance.yahoo.com/news/caci-international-inc-caci-among-020535889.html?.tsrc=rss
Yahoo Finance,Kosmos Energy Ltd. (KOS): Among the Best Value Penny Stocks to Invest In Now,https://finance.yahoo.com/news/kosmos-energy-ltd-kos-among-233003179.html?.tsrc=rss
Yahoo Finance,Analyzing Retail Earnings in a High-Tariff Economy,https://finance.yahoo.com/news/analyzing-retail-earnings-high-tariff-233000654.html?.tsrc=rss
Yahoo Finance,Recent market losses have created investment 'opportunities',https://finance.yahoo.com/video/recent-market-losses-created-investment-233000528.html?.tsrc=rss
Yahoo Finance,New Gold Inc. (NGD): Among the Best Value Penny Stocks to Invest In Now,https://finance.yahoo.com/news/gold-inc-ngd-among-best-232756927.html?.tsrc=rss
Yahoo Finance,Ambev S.A. (ABEV): Among the Best Value Penny Stocks to Invest In Now,https://finance.yahoo.com/news/ambev-abev-among-best-value-232322851.html?.tsrc=rss
Yahoo Finance,Fortuna Mining Corp. (FSM): Among the Best Value Penny Stocks to Invest In Now,https://finance.yahoo.com/news/fortuna-mining-corp-fsm-among-231603918.html?.tsrc=rss
Yahoo Finance,Waste Management (WM) Rises But Trails Market: What Investors Should Know,https://finance.yahoo.com/news/waste-management-wm-rises-trails-231517277.html?.tsrc=rss
Financial Times,Japanese bond yields hit 16-year high,https://www.ft.com/content/06fa0c14-2deb-4aee-9189-1323beb1846e
Financial Times,How much does Brookfield really make?,https://www.ft.com/content/6e070b14-74cc-4ade-bd80-7bd3900c6a82
Financial Times,Germany’s ‘whatever-it-takes’ spending push to end years of stagnation,https://www.ft.com/content/ee20978f-bbcd-4616-954c-7749dc5334fd
Financial Times,US stocks struggle as ‘America First’ bets backfire,https://www.ft.com/content/2e8109e6-d56b-4c3f-824d-2933eaff1242
Financial Times,Elon Musk’s Doge to expand blitz against spending on consultants,https://www.ft.com/content/8d28ac77-c0c8-494e-a07a-77c6b1de31b2
Financial Times,Microsoft walks away from some CoreWeave commitments ahead of $35bn IPO,https://www.ft.com/content/f3d9d339-42ef-4979-bf52-89ecd699dea2
Financial Times,Trump says it is ‘over’ for Hamas unless hostages are released,https://www.ft.com/content/a32035bf-c97c-40ee-98ff-849dcdedb67c
Financial Times,HSBC renames ‘eastern’ and ‘western’ businesses months after creating them,https://www.ft.com/content/42b83130-d94a-461a-a514-97df9f0b1bed
Investing.com,Nokia says it is making share gains in Mobile Networks division,https://www.investing.com/news/stock-market-news/nokia-says-it-is-making-share-gains-in-mobile-networks-division-93CH-3911006
Investing.com,"South Korea air force jets accidentally drop bombs on homes, injuring 15",https://www.investing.com/news/world-news/at-least-8-hurt-in-south-korea-after-shell-hits-civilian-area-during-military-drills-3910847
Investing.com,"EU leaders to back defence surge, support Zelenskiy after US aid freeze",https://www.investing.com/news/world-news/eu-leaders-to-back-defence-surge-support-zelenskiy-after-us-aid-freeze-3910795
Investing.com,Hamas says Trump threats are support for Netanyahu to back out of Gaza ceasefire deal,https://www.investing.com/news/world-news/hamas-says-trump-threats-are-support-for-netanyahu-to-back-out-of-gaza-ceasefire-deal-3911003
Investing.com,"Telefonica hires Rothschild to help sell its Peru unit, El Confidencial reports",https://www.investing.com/news/stock-market-news/telefonica-hires-rothschild-to-help-sell-its-peru-unit-el-confidencial-reports-3910981
Investing.com,MUFG Bank updates board of directors lineup,https://www.investing.com/news/company-news/mufg-bank-updates-board-of-directors-lineup-93CH-3910998
Investing.com,Sivers Semiconductors to Participate in AI Panel 37th Annual Roth Conference,https://www.investing.com/news/press-releases/sivers-semiconductors-to-participate-in-ai-panel-37th-annual-roth-conference-93CH-3910997
Investing.com,"China Unicom, YunHuan Technology and ZTE win the GSMA GLOMO ""Best Mobile Innovation for Cities"" award",https://www.investing.com/news/press-releases/china-unicom-yunhuan-technology-and-zte-win-the-gsma-glomo-best-mobile-innovation-for-cities-award-93CH-3910995
Investing.com,Lufthansa operating profit falls after cash-strapped 2024,https://www.investing.com/news/stock-market-news/lufthansa-reports-drop-in-fy-operating-profit-after-cashstrapped-2024-3910948
Investing.com,"Pope Francis in stable condition, resumes some work, Vatican says",https://www.investing.com/news/world-news/pope-francis-rested-well-overnight-in-hospital-vatican-says-3908016
Wall Street Journal,Stocks Sink in Broad AI Rout Sparked by China's DeepSeek,https://www.wsj.com/articles/nikkei-may-rise-as-weak-yen-raises-earnings-hopes-776a8056?mod=rss_markets_main
Wall Street Journal,"Comex Gold, Silver Settle Lower",https://www.wsj.com/articles/gold-edges-lower-feds-rate-decision-in-focus-09dbfceb?mod=rss_markets_main
Wall Street Journal,DeepSeek Won't Sink U.S. AI Titans,https://www.wsj.com/articles/deepseek-us-ai-stocks-nvidia-broadcom-6cdfae81?mod=rss_markets_main
Wall Street Journal,Financial Services Roundup: Market Talk,https://www.wsj.com/articles/financial-services-roundup-market-talk-94f52cba?mod=rss_markets_main
Wall Street Journal,"Arabica Coffee Prices Hit Record on U.S., Colombia Tariff Spat",https://www.wsj.com/articles/arabica-coffee-prices-hit-new-high-on-u-s-colombia-tariff-spat-582446fe?mod=rss_markets_main
Wall Street Journal,"Swiss franc, Japanese yen Rise as DeepSeek News Boosts Safe Havens",https://www.wsj.com/articles/safe-haven-currencies-strengthen-amid-fears-over-global-tariffs-9964e17a?mod=rss_markets_main
Wall Street Journal,Natural Gas Falls on Shifting Weather Forecasts,https://www.wsj.com/articles/u-s-natural-gas-futures-fall-on-shifting-weather-forecasts-1ef3e457?mod=rss_markets_main
Wall Street Journal,Building-Products Distributor QXO Launches Hostile Bid for Beacon,https://www.wsj.com/articles/building-products-distributor-qxo-launching-hostile-bid-for-beacon-de024410?mod=rss_markets_main
Wall Street Journal,Natural-Gas Firm Diversified Energy Strikes Deal for Permian Basin Player,https://www.wsj.com/articles/natural-gas-firm-diversified-energy-nears-deal-for-permian-basin-player-4c1c5ff5?mod=rss_markets_main
Wall Street Journal,What's New This Tax Season That Can Save You Money,https://www.wsj.com/articles/tax-season-2024-irs-filing-dates-explained-628a8b37?mod=rss_markets_main
Wall Street Journal,Chinese Investors With Few Options Turn to Dividends,https://www.wsj.com/articles/chinese-investors-with-few-options-turn-to-dividends-ad31dcc4?mod=rss_markets_main
Wall Street Journal,U.S. Treasury Yields Fall But Direction for Long-End Yields Still Seen Upward,https://www.wsj.com/articles/jgbs-consolidate-supported-by-u-s-treasurys-gains-7edccc7d?mod=rss_markets_main
Wall Street Journal,"Russia's Crude Exports Fairly Stable Despite U.S. Sanctions, Goldman Says",https://www.wsj.com/articles/oil-futures-fall-after-trump-calls-for-tariffs-on-colombia-5b2a178c?mod=rss_markets_main
Wall Street Journal,The Extra Reward for Owning Stocks Over Bonds Has Disappeared,https://www.wsj.com/articles/the-extra-reward-for-owning-stocks-over-bonds-has-disappeared-c3f9c223?mod=rss_markets_main
Wall Street Journal,Heard on the Street's Stock-Picking Series,https://www.wsj.com/articles/heard-on-the-streets-stock-picking-series-98f04640?mod=rss_markets_main
Wall Street Journal,What Will It Take for Home Buyers to Start Asking for a Disaster Discount?,https://www.wsj.com/articles/what-will-it-take-for-home-buyers-to-start-asking-for-a-disaster-discount-c662cb96?mod=rss_markets_main
Wall Street Journal,Now Wanted in Silicon Valley: Ho-Hum Businesses With Thin Profit Margins,https://www.wsj.com/articles/now-wanted-in-silicon-valley-ho-hum-businesses-with-thin-profit-margins-ab07de5f?mod=rss_markets_main
Wall Street Journal,"In China, a Cat-and-Mouse Game to Rein In Crypto",https://www.wsj.com/articles/china-cryptocurrency-market-trading-restrictions-3e050cd9?mod=rss_markets_main
Wall Street Journal,"One House, Three Owners: The Ballooning Cost of the American Dream",https://www.wsj.com/articles/rising-house-mortgage-costs-north-carolina-home-468a46e5?mod=rss_markets_main
Wall Street Journal,Trump Adds Fuel to Claims That Big Banks Discriminate Against Conservatives,https://www.wsj.com/articles/trump-big-bank-conservative-bias-accusations-168abb27?mod=rss_markets_main
